task	subject	sentence_id	word_id	FFD_a1	FFD_a2	FFD_b1	FFD_b2	FFD_g1	FFD_g2	FFD_t1	FFD_t2	GD_a1	GD_a2	GD_b1	GD_b2	GD_g1	GD_g2	GD_t1	GD_t2	GPT_a1	GPT_a2	GPT_b1	GPT_b2	GPT_g1	GPT_g2	GPT_t1	GPT_t2	SFD_a1	SFD_a2	SFD_b1	SFD_b2	SFD_g1	SFD_g2	SFD_t1	SFD_t2	TRT_a1	TRT_a2	TRT_b1	TRT_b2	TRT_g1	TRT_g2	TRT_t1	TRT_t2
TSR	YAG	2	29	0.5220154381004097	0.4572069885236628	0.395917622384462	0.27637983542109007	0.3462856862445639	1.3564862944356053	0.26668247169742576	0.35437423307802657	0.5220154381004097	0.4572069885236628	0.395917622384462	0.27637983542109007	0.3462856862445639	1.3564862944356053	0.26668247169742576	0.35437423307802657	0.4495558402044206	0.31364038727042526	0.39634299964167236	0.43188580713126185	0.4036501696492682	1.4471316442975504	0.5716730616187364	0.40213806568917737	0.5220154381004097	0.4572069885236628	0.395917622384462	0.27637983542109007	0.3462856862445639	1.3564862944356053	0.26668247169742576	0.35437423307802657	0.5220154381004097	0.4572069885236628	0.395917622384462	0.27637983542109007	0.3462856862445639	1.3564862944356053	0.26668247169742576	0.35437423307802657
TSR	YAG	2	29	0.9147677259092449	0.6134537296490127	0.7223742025904316	0.739676776854154	0.5974074608780258	2.706698149686023	0.8081265700550019	0.521081008533442	0.9147677259092449	0.6134537296490127	0.7223742025904316	0.739676776854154	0.5974074608780258	2.706698149686023	0.8081265700550019	0.521081008533442	0.8806859222568294	0.5644257557945936	0.6854427020812386	0.9734024872587584	0.8092097173132505	3.0656332652672433	1.2701698209184247	0.5486974619027407	0.9147677259092449	0.6134537296490127	0.7223742025904316	0.739676776854154	0.5974074608780258	2.706698149686023	0.8081265700550019	0.521081008533442	0.9147677259092449	0.6134537296490127	0.7223742025904316	0.739676776854154	0.5974074608780258	2.706698149686023	0.8081265700550019	0.521081008533442
TSR	YAG	2	29	0.6574346441184099	0.6471891338044525	0.7520294220729546	0.6587892766024538	0.5448817750876401	2.918351896321331	0.74499489186358	0.34925438623753124	0.6574346441184099	0.6471891338044525	0.7520294220729546	0.6587892766024538	0.5448817750876401	2.918351896321331	0.74499489186358	0.34925438623753124	0.7180139256919004	0.528099253950865	0.7205795954698369	0.9083407368462328	0.7193689702579312	3.2383295107132004	1.0017562836853264	0.48233602533516867	0.6574346441184099	0.6471891338044525	0.7520294220729546	0.6587892766024538	0.5448817750876401	2.918351896321331	0.74499489186358	0.34925438623753124	0.6574346441184099	0.6471891338044525	0.7520294220729546	0.6587892766024538	0.5448817750876401	2.918351896321331	0.74499489186358	0.34925438623753124
TSR	YAG	2	29	0.5738069329222477	0.639576409412361	0.652908157035823	0.5937865174543884	0.5635992699253434	2.8260462931724404	0.8031508634038356	0.3400195486571242	0.5738069329222477	0.639576409412361	0.652908157035823	0.5937865174543884	0.5635992699253434	2.8260462931724404	0.8031508634038356	0.3400195486571242	0.6490912591958128	0.4917058450189689	0.6019276468986544	0.8436736706698587	0.6445881807149875	3.126088839254043	0.853104812739052	0.4286865450288353	0.5738069329222477	0.639576409412361	0.652908157035823	0.5937865174543884	0.5635992699253434	2.8260462931724404	0.8031508634038356	0.3400195486571242	0.5738069329222477	0.639576409412361	0.652908157035823	0.5937865174543884	0.5635992699253434	2.8260462931724404	0.8031508634038356	0.3400195486571242
TSR	YAG	2	29	0.4730884685337598	0.5300209647634165	0.760862164137166	0.6452257966614398	0.4291248668729284	2.3129311510103925	0.7886441211481896	0.2151935277804192	0.4730884685337598	0.5300209647634165	0.760862164137166	0.6452257966614398	0.4291248668729284	2.3129311510103925	0.7886441211481896	0.2151935277804192	0.547503331763991	0.40547389621600405	0.700335112033372	0.793047263518139	0.5740328940372151	2.5646309377866774	0.8781240073002556	0.4462343540170826	0.4730884685337598	0.5300209647634165	0.760862164137166	0.6452257966614398	0.4291248668729284	2.3129311510103925	0.7886441211481896	0.2151935277804192	0.4730884685337598	0.5300209647634165	0.760862164137166	0.6452257966614398	0.4291248668729284	2.3129311510103925	0.7886441211481896	0.2151935277804192
TSR	YAG	2	29	0.2399186714993749	0.5024070230535297	0.44696247883203666	0.3603163757571015	0.33632734559345284	1.7522937986056657	0.44545521403658916	0.19496870318146947	0.2399186714993749	0.5024070230535297	0.44696247883203666	0.3603163757571015	0.33632734559345284	1.7522937986056657	0.44545521403658916	0.19496870318146947	0.4002354189978245	0.35579865558498064	0.5143597234064504	0.5950820201283911	0.45379358391607627	1.8929011764492116	0.631530986211279	0.41817766120490313	0.2399186714993749	0.5024070230535297	0.44696247883203666	0.3603163757571015	0.33632734559345284	1.7522937986056657	0.44545521403658916	0.19496870318146947	0.2399186714993749	0.5024070230535297	0.44696247883203666	0.3603163757571015	0.33632734559345284	1.7522937986056657	0.44545521403658916	0.19496870318146947
TSR	YAG	2	29	0.796542323561464	0.561091455854991	0.5244381125979336	0.6677318579347566	0.630281218762669	2.1819741441744456	0.7183247968374585	0.3970007688766483	0.796542323561464	0.561091455854991	0.5244381125979336	0.6677318579347566	0.630281218762669	2.1819741441744456	0.7183247968374585	0.3970007688766483	0.685018101485995	0.448162053424152	0.5554982487592687	0.8419716604456222	0.7639729929328481	2.4075501787504505	1.1812536720256028	0.4324725214922219	0.796542323561464	0.561091455854991	0.5244381125979336	0.6677318579347566	0.630281218762669	2.1819741441744456	0.7183247968374585	0.3970007688766483	0.796542323561464	0.561091455854991	0.5244381125979336	0.6677318579347566	0.630281218762669	2.1819741441744456	0.7183247968374585	0.3970007688766483
TSR	YAG	2	29	0.8761681313277702	0.8299269395324584	1.0585582047110171	1.0013397961917903	0.8021657962131646	4.06363853989273	1.2430707754390766	0.4154295172234534	0.8761681313277702	0.8299269395324584	1.0585582047110171	1.0013397961917903	0.8021657962131646	4.06363853989273	1.2430707754390766	0.4154295172234534	0.982141963835954	0.6922642290443385	1.063116019883654	1.3978591389781494	1.163959086853699	4.5315171317096015	1.5436533655900648	0.5319790226061655	0.8761681313277702	0.8299269395324584	1.0585582047110171	1.0013397961917903	0.8021657962131646	4.06363853989273	1.2430707754390766	0.4154295172234534	0.8761681313277702	0.8299269395324584	1.0585582047110171	1.0013397961917903	0.8021657962131646	4.06363853989273	1.2430707754390766	0.4154295172234534
TSR	YAG	2	29	0.710527986592507	0.8238885532982275	1.1539270772469599	1.032586829988357	0.7952306887775328	4.255462778066361	1.2406076012380125	0.35147006273548503	0.710527986592507	0.8238885532982275	1.1539270772469599	1.032586829988357	0.7952306887775328	4.255462778066361	1.2406076012380125	0.35147006273548503	0.9051431147734323	0.6545075033431074	1.1501453758618194	1.4097655299556362	1.1108782813152411	4.711943357794115	1.414400958961508	0.4936020649147836	0.710527986592507	0.8238885532982275	1.1539270772469599	1.032586829988357	0.7952306887775328	4.255462778066361	1.2406076012380125	0.35147006273548503	0.710527986592507	0.8238885532982275	1.1539270772469599	1.032586829988357	0.7952306887775328	4.255462778066361	1.2406076012380125	0.35147006273548503
TSR	YAG	2	29	0.560620241767429	0.7066815075171273	1.0697010045980948	1.0430589003560355	0.7016146234099941	3.8828905430729286	1.2093180113916835	0.19255958242528504	0.560620241767429	0.7066815075171273	1.0697010045980948	1.0430589003560355	0.7016146234099941	3.8828905430729286	1.2093180113916835	0.19255958242528504	0.8598766046774182	0.5795955360276693	1.0777745276285022	1.2770790425317617	0.8465746889028781	4.2671702132401705	1.1556520440012408	0.46053359005104544	0.560620241767429	0.7066815075171273	1.0697010045980948	1.0430589003560355	0.7016146234099941	3.8828905430729286	1.2093180113916835	0.19255958242528504	0.560620241767429	0.7066815075171273	1.0697010045980948	1.0430589003560355	0.7016146234099941	3.8828905430729286	1.2093180113916835	0.19255958242528504
TSR	YAG	2	29	0.2398218477779754	0.41160611904299	0.6993587002553486	0.7141787229122561	0.4627330237920878	2.2876409696464974	0.7458483714377624	0.2541829412383031	0.2398218477779754	0.41160611904299	0.6993587002553486	0.7141787229122561	0.4627330237920878	2.2876409696464974	0.7458483714377624	0.2541829412383031	0.47647996063149356	0.35719270080171145	0.7078131550645376	0.7937789539224206	0.5290878271383589	2.6138431841169116	0.7611371846158561	0.4018257904278048	0.2398218477779754	0.41160611904299	0.6993587002553486	0.7141787229122561	0.4627330237920878	2.2876409696464974	0.7458483714377624	0.2541829412383031	0.2398218477779754	0.41160611904299	0.6993587002553486	0.7141787229122561	0.4627330237920878	2.2876409696464974	0.7458483714377624	0.2541829412383031
TSR	YAG	2	29	0.6068928261016907	0.5727883950596595	0.5710174296610898	0.6504398873440121	0.8015111713514392	2.1106729442077077	0.7422589953565071	0.3368028293871406	0.6068928261016907	0.5727883950596595	0.5710174296610898	0.6504398873440121	0.8015111713514392	2.1106729442077077	0.7422589953565071	0.3368028293871406	0.7497930791758035	0.6351080516441477	0.6300806841530026	0.999624889170891	0.9829666796250439	2.3380868248498374	1.2388093869808865	0.4365844023556598	0.6068928261016907	0.5727883950596595	0.5710174296610898	0.6504398873440121	0.8015111713514392	2.1106729442077077	0.7422589953565071	0.3368028293871406	0.6068928261016907	0.5727883950596595	0.5710174296610898	0.6504398873440121	0.8015111713514392	2.1106729442077077	0.7422589953565071	0.3368028293871406
TSR	YAG	2	29	0.4206369909083293	0.5692589657066068	0.8877696427130612	1.0888001271802825	1.0253505397293659	3.2665728442649313	1.5730831803523597	0.32875959984980696	0.4206369909083293	0.5692589657066068	0.8877696427130612	1.0888001271802825	1.0253505397293659	3.2665728442649313	1.5730831803523597	0.32875959984980696	0.807106852306092	0.6509314180980451	0.8799819936002038	1.4685847578992215	1.2105956296948646	3.670130091946792	1.4983608575373901	0.5548002406897379	0.4206369909083293	0.5692589657066068	0.8877696427130612	1.0888001271802825	1.0253505397293659	3.2665728442649313	1.5730831803523597	0.32875959984980696	0.4206369909083293	0.5692589657066068	0.8877696427130612	1.0888001271802825	1.0253505397293659	3.2665728442649313	1.5730831803523597	0.32875959984980696
TSR	YAG	2	29	0.5360843212911252	0.4359186877526088	0.879823220003236	0.9591457005806505	0.8932120980571433	3.041877420600051	1.5029906567374114	0.06828624442071643	0.5360843212911252	0.4359186877526088	0.879823220003236	0.9591457005806505	0.8932120980571433	3.041877420600051	1.5029906567374114	0.06828624442071643	0.7606792393885403	0.5846873075229247	0.9038944640559744	1.4379916030267736	1.1422410301845536	3.2978507697401986	1.4361820867076005	0.20507174338805154	0.5360843212911252	0.4359186877526088	0.879823220003236	0.9591457005806505	0.8932120980571433	3.041877420600051	1.5029906567374114	0.06828624442071643	0.5360843212911252	0.4359186877526088	0.879823220003236	0.9591457005806505	0.8932120980571433	3.041877420600051	1.5029906567374114	0.06828624442071643
TSR	YAG	2	29	0.42565992783270523	0.6054889660787959	1.102800430725818	0.9795792031462243	0.7682303211913186	3.604968700285721	1.2986159155721417	0.33586658323246604	0.42565992783270523	0.6054889660787959	1.102800430725818	0.9795792031462243	0.7682303211913186	3.604968700285721	1.2986159155721417	0.33586658323246604	0.6820085609453866	0.5034704654648844	1.0792632836591662	1.3905641087155631	0.972564012663371	4.027361663495696	1.3087205666253372	0.47126083192222773	0.42565992783270523	0.6054889660787959	1.102800430725818	0.9795792031462243	0.7682303211913186	3.604968700285721	1.2986159155721417	0.33586658323246604	0.42565992783270523	0.6054889660787959	1.102800430725818	0.9795792031462243	0.7682303211913186	3.604968700285721	1.2986159155721417	0.33586658323246604
TSR	YAG	2	29	0.49484080864255414	0.7661134966529488	1.1716168996343415	0.9518654840583884	0.7778027038055148	4.180442655645259	1.4352452355718512	0.37102640661038394	0.49484080864255414	0.7661134966529488	1.1716168996343415	0.9518654840583884	0.7778027038055148	4.180442655645259	1.4352452355718512	0.37102640661038394	0.7673523431707663	0.5760478512551622	1.1799704183606037	1.371223006192875	1.0387731963580629	4.666525898209435	1.3069374473680517	0.49400846220494504	0.49484080864255414	0.7661134966529488	1.1716168996343415	0.9518654840583884	0.7778027038055148	4.180442655645259	1.4352452355718512	0.37102640661038394	0.49484080864255414	0.7661134966529488	1.1716168996343415	0.9518654840583884	0.7778027038055148	4.180442655645259	1.4352452355718512	0.37102640661038394
TSR	YAG	2	29	0.5621490130424007	0.4401441589054496	0.538527804219304	0.5038247973810512	0.80132093504736	1.971604504877996	1.3790093561855306	0.14411575908885926	0.5621490130424007	0.4401441589054496	0.538527804219304	0.5038247973810512	0.80132093504736	1.971604504877996	1.3790093561855306	0.14411575908885926	0.7141742206173408	0.6637707017149399	0.6699144586815198	1.1293915050125636	0.9826287031661871	2.1142453087227238	1.0356270921059063	0.24587903751323906	0.5621490130424007	0.4401441589054496	0.538527804219304	0.5038247973810512	0.80132093504736	1.971604504877996	1.3790093561855306	0.14411575908885926	0.5621490130424007	0.4401441589054496	0.538527804219304	0.5038247973810512	0.80132093504736	1.971604504877996	1.3790093561855306	0.14411575908885926
TSR	YAG	2	29	0.5500707250530376	0.3396203648479101	0.7894526709674241	0.7515973189088333	0.9122359045274403	2.600601643353266	1.4701293839196266	0.15769263881250217	0.5500707250530376	0.3396203648479101	0.7894526709674241	0.7515973189088333	0.9122359045274403	2.600601643353266	1.4701293839196266	0.15769263881250217	0.7720620783420317	0.5793088471734946	0.8077162923635942	1.3188400332465424	1.0521177844379168	2.883761643784181	1.24084793793054	0.26051213418613767	0.5500707250530376	0.3396203648479101	0.7894526709674241	0.7515973189088333	0.9122359045274403	2.600601643353266	1.4701293839196266	0.15769263881250217	0.5500707250530376	0.3396203648479101	0.7894526709674241	0.7515973189088333	0.9122359045274403	2.600601643353266	1.4701293839196266	0.15769263881250217
TSR	YAG	2	29	0.5445876258845181	0.35749696683902754	0.9095715876950213	0.7207243849770854	0.7266141729508647	2.962706059102363	1.4303399124197658	0.2713130415281127	0.5445876258845181	0.35749696683902754	0.9095715876950213	0.7207243849770854	0.7266141729508647	2.962706059102363	1.4303399124197658	0.2713130415281127	0.5862448097163678	0.4168848468480862	0.9481983837410678	1.2224624829657686	0.8642748031755171	3.3065663669756	1.1348945064179217	0.3407497551492598	0.5445876258845181	0.35749696683902754	0.9095715876950213	0.7207243849770854	0.7266141729508647	2.962706059102363	1.4303399124197658	0.2713130415281127	0.5445876258845181	0.35749696683902754	0.9095715876950213	0.7207243849770854	0.7266141729508647	2.962706059102363	1.4303399124197658	0.2713130415281127
TSR	YAG	2	29	0.8525700919293299	0.4895479914010868	0.38111621469253676	0.5831047929275996	0.6015548995370738	0.8732612566762318	1.3841906539191993	0.6130914904570843	0.8525700919293299	0.4895479914010868	0.38111621469253676	0.5831047929275996	0.6015548995370738	0.8732612566762318	1.3841906539191993	0.6130914904570843	0.776698785862421	0.6832306589861097	0.4306474543596827	0.9277995349388064	0.6552598507809694	0.8453203081487084	0.6604648258528838	0.5253036113457545	0.8525700919293299	0.4895479914010868	0.38111621469253676	0.5831047929275996	0.6015548995370738	0.8732612566762318	1.3841906539191993	0.6130914904570843	0.8525700919293299	0.4895479914010868	0.38111621469253676	0.5831047929275996	0.6015548995370738	0.8732612566762318	1.3841906539191993	0.6130914904570843
TSR	YAG	2	29	1.243802553048654	0.36034359292781565	0.47120515971696403	0.5107648467777882	0.778695632808579	1.713582074032912	1.4424563972524407	0.5292319467168864	1.243802553048654	0.36034359292781565	0.47120515971696403	0.5107648467777882	0.778695632808579	1.713582074032912	1.4424563972524407	0.5292319467168864	0.9825830297610585	0.6493964795753993	0.6479747707823212	1.0500948050979322	0.7583457649891527	1.8332481860863534	1.0434712390919545	0.628777688323993	1.243802553048654	0.36034359292781565	0.47120515971696403	0.5107648467777882	0.778695632808579	1.713582074032912	1.4424563972524407	0.5292319467168864	1.243802553048654	0.36034359292781565	0.47120515971696403	0.5107648467777882	0.778695632808579	1.713582074032912	1.4424563972524407	0.5292319467168864
TSR	YAG	2	29	0.453037228667655	0.44360652190881306	1.038186997702532	0.8267645928979384	0.7252603040585531	3.3323385401490215	1.4491669994820995	0.26810254164527775	0.453037228667655	0.44360652190881306	1.038186997702532	0.8267645928979384	0.7252603040585531	3.3323385401490215	1.4491669994820995	0.26810254164527775	0.5675346510957242	0.40930757396583123	1.0484679693894394	1.2920986100199443	0.8952883638462774	3.7068813262254814	1.198576161130867	0.37430337966765087	0.453037228667655	0.44360652190881306	1.038186997702532	0.8267645928979384	0.7252603040585531	3.3323385401490215	1.4491669994820995	0.26810254164527775	0.453037228667655	0.44360652190881306	1.038186997702532	0.8267645928979384	0.7252603040585531	3.3323385401490215	1.4491669994820995	0.26810254164527775
TSR	YAG	2	29	0.7892535873371568	0.30419384500188607	1.3845618713887544	1.4601708102447326	0.9655339544583958	3.5368078349866785	1.6547105013049035	0.590185778336675	0.7892535873371568	0.30419384500188607	1.3845618713887544	1.4601708102447326	0.9655339544583958	3.5368078349866785	1.6547105013049035	0.590185778336675	0.7721216371810306	0.2886893337285402	1.3069555574597234	1.5412628663492498	0.9815471274290046	4.019196656323007	1.1268784967567698	0.7901606393667086	0.7892535873371568	0.30419384500188607	1.3845618713887544	1.4601708102447326	0.9655339544583958	3.5368078349866785	1.6547105013049035	0.590185778336675	0.7892535873371568	0.30419384500188607	1.3845618713887544	1.4601708102447326	0.9655339544583958	3.5368078349866785	1.6547105013049035	0.590185778336675
TSR	YAG	2	29	0.8275855850765216	0.33773988754613693	0.28192012536781413	0.22935848884586807	0.3281004889167393	0.7170461946972324	0.21197464181267425	0.5189471440940782	0.8275855850765216	0.33773988754613693	0.28192012536781413	0.22935848884586807	0.3281004889167393	0.7170461946972324	0.21197464181267425	0.5189471440940782	0.7019190963176077	0.456569486128001	0.3988992743506444	0.4533656037937936	0.3568081825293927	0.5797103250276262	0.43037125722648334	0.5309968569549102	0.8275855850765216	0.33773988754613693	0.28192012536781413	0.22935848884586807	0.3281004889167393	0.7170461946972324	0.21197464181267425	0.5189471440940782	0.8275855850765216	0.33773988754613693	0.28192012536781413	0.22935848884586807	0.3281004889167393	0.7170461946972324	0.21197464181267425	0.5189471440940782
TSR	YAG	2	29	0.6498566168322403	0.6549123953550876	0.665350591876619	0.6983901349059178	0.43593806385403333	1.7597099937442222	0.585207171144759	0.5796736883656772	0.6498566168322403	0.6549123953550876	0.665350591876619	0.6983901349059178	0.43593806385403333	1.7597099937442222	0.585207171144759	0.5796736883656772	0.7003654475518816	0.5988289309658278	0.6071419251220652	0.6511678813954408	0.4368891309699355	1.950480648662076	0.5087987636010582	0.4744043043207722	0.6498566168322403	0.6549123953550876	0.665350591876619	0.6983901349059178	0.43593806385403333	1.7597099937442222	0.585207171144759	0.5796736883656772	0.6498566168322403	0.6549123953550876	0.665350591876619	0.6983901349059178	0.43593806385403333	1.7597099937442222	0.585207171144759	0.5796736883656772
TSR	YAG	2	29	2.0837770989322153	0.6915346075107511	0.6301800096346868	0.42636165454178043	0.6669256655751491	1.0578984686574224	1.293042586671148	0.9867523162262483	2.0837770989322153	0.6915346075107511	0.6301800096346868	0.42636165454178043	0.6669256655751491	1.0578984686574224	1.293042586671148	0.9867523162262483	1.294770821663792	0.7873811252466384	0.789011603383522	0.7577742166762561	0.663497173013018	0.9526957098260832	0.9584040981234988	0.9314474425119869	2.0837770989322153	0.6915346075107511	0.6301800096346868	0.42636165454178043	0.6669256655751491	1.0578984686574224	1.293042586671148	0.9867523162262483	2.0837770989322153	0.6915346075107511	0.6301800096346868	0.42636165454178043	0.6669256655751491	1.0578984686574224	1.293042586671148	0.9867523162262483
TSR	YAG	2	29	1.7181378290785052	0.5078882481576377	0.6942041083006503	0.5607304992935989	0.6945378477706692	1.7226517831555919	1.3268096502504783	0.7742986885964218	1.7181378290785052	0.5078882481576377	0.6942041083006503	0.5607304992935989	0.6945378477706692	1.7226517831555919	1.3268096502504783	0.7742986885964218	1.0204328710496051	0.5681049080425774	0.7828314839121551	0.9654541937123872	0.7117027349965473	1.6935160478442552	0.9031663712805349	0.80052831337412	1.7181378290785052	0.5078882481576377	0.6942041083006503	0.5607304992935989	0.6945378477706692	1.7226517831555919	1.3268096502504783	0.7742986885964218	1.7181378290785052	0.5078882481576377	0.6942041083006503	0.5607304992935989	0.6945378477706692	1.7226517831555919	1.3268096502504783	0.7742986885964218
TSR	YAG	2	29	1.1825494249119557	0.3778102253448106	1.132593586403273	0.888505517536872	0.7530758969981063	2.6868669454316985	1.6765326795104791	0.46040371435599053	1.1825494249119557	0.3778102253448106	1.132593586403273	0.888505517536872	0.7530758969981063	2.6868669454316985	1.6765326795104791	0.46040371435599053	0.7836189671300281	0.39725175795596357	1.137865512592224	1.1377973897108828	0.7508924853579826	2.9648940212452803	1.0988380476256372	0.806758543217906	1.1825494249119557	0.3778102253448106	1.132593586403273	0.888505517536872	0.7530758969981063	2.6868669454316985	1.6765326795104791	0.46040371435599053	1.1825494249119557	0.3778102253448106	1.132593586403273	0.888505517536872	0.7530758969981063	2.6868669454316985	1.6765326795104791	0.46040371435599053
TSR	YAG	2	29	1.149744217617162	0.33375158942444544	0.30922894619934505	0.266897866023291	0.4119707417391446	0.8311610037411918	0.4019196965246568	0.6855999586231095	1.149744217617162	0.33375158942444544	0.30922894619934505	0.266897866023291	0.4119707417391446	0.8311610037411918	0.4019196965246568	0.6855999586231095	0.8838648175196314	0.5263084287625507	0.47232649872277127	0.5544617434929731	0.4062157977749832	0.6398671637045502	0.535039376439492	0.6275846405594157	1.149744217617162	0.33375158942444544	0.30922894619934505	0.266897866023291	0.4119707417391446	0.8311610037411918	0.4019196965246568	0.6855999586231095	1.149744217617162	0.33375158942444544	0.30922894619934505	0.266897866023291	0.4119707417391446	0.8311610037411918	0.4019196965246568	0.6855999586231095
TSR	YAG	2	29	1.4157833556498576	1.3793188719597718	1.4866236008003988	1.4455030908545914	0.9727498786163469	3.9096595372902416	1.1625430625563635	1.1894245393599616	1.4157833556498576	1.3793188719597718	1.4866236008003988	1.4455030908545914	0.9727498786163469	3.9096595372902416	1.1625430625563635	1.1894245393599616	1.5605522404263867	1.2917915694045832	1.3223906003880959	1.3723685564688435	0.9777872638874824	4.369230057954846	1.0142616215089844	0.9212999928045397	1.4157833556498576	1.3793188719597718	1.4866236008003988	1.4455030908545914	0.9727498786163469	3.9096595372902416	1.1625430625563635	1.1894245393599616	1.4157833556498576	1.3793188719597718	1.4866236008003988	1.4455030908545914	0.9727498786163469	3.9096595372902416	1.1625430625563635	1.1894245393599616
TSR	YAG	2	29	1.1781864498366534	0.4315910708530575	0.32472023675384415	0.4202700059478545	0.5773875227121641	0.6112059009979433	0.6607127754995179	0.5680448736391893	1.1781864498366534	0.4315910708530575	0.32472023675384415	0.4202700059478545	0.5773875227121641	0.6112059009979433	0.6607127754995179	0.5680448736391893	0.7325784901901656	0.5074997974828772	0.4736110667846168	0.4732622789919212	0.5307663500780699	0.639974650651054	0.5740452889271269	0.5098990451062324	1.1781864498366534	0.4315910708530575	0.32472023675384415	0.4202700059478545	0.5773875227121641	0.6112059009979433	0.6607127754995179	0.5680448736391893	1.1781864498366534	0.4315910708530575	0.32472023675384415	0.4202700059478545	0.5773875227121641	0.6112059009979433	0.6607127754995179	0.5680448736391893
TSR	YAG	2	29	2.325395871875416	0.7270361251131755	0.8048243376506856	0.9161528249212708	1.2047426738294775	1.443580582490931	1.6104131874913612	1.095782887016501	2.325395871875416	0.7270361251131755	0.8048243376506856	0.9161528249212708	1.2047426738294775	1.443580582490931	1.6104131874913612	1.095782887016501	1.3786509034477012	0.7799562746310403	1.0323408585367713	0.992315728234972	1.1054987032198593	1.3308258343875172	1.2119810162969014	1.1854094494291738	2.325395871875416	0.7270361251131755	0.8048243376506856	0.9161528249212708	1.2047426738294775	1.443580582490931	1.6104131874913612	1.095782887016501	2.325395871875416	0.7270361251131755	0.8048243376506856	0.9161528249212708	1.2047426738294775	1.443580582490931	1.6104131874913612	1.095782887016501
TSR	YAG	2	29	1.6875715378801766	0.46505156218780563	0.9255575221840369	0.7019839022011908	0.6051766396526355	1.928438604950703	1.265676806657655	0.6754381133929425	1.6875715378801766	0.46505156218780563	0.9255575221840369	0.7019839022011908	0.6051766396526355	1.928438604950703	1.265676806657655	0.6754381133929425	1.0266302450115734	0.5462730473489193	1.0060049874908428	0.9719035223081844	0.6930155037001523	1.941899360780016	0.8856920719229443	0.8019888166670407	1.6875715378801766	0.46505156218780563	0.9255575221840369	0.7019839022011908	0.6051766396526355	1.928438604950703	1.265676806657655	0.6754381133929425	1.6875715378801766	0.46505156218780563	0.9255575221840369	0.7019839022011908	0.6051766396526355	1.928438604950703	1.265676806657655	0.6754381133929425
TSR	YAG	2	29	1.4569887392044476	0.37219673272829623	0.4389900107737545	0.28251592254550556	0.5206256191046724	1.0709482512263369	0.9109652608914125	0.690770413198441	1.4569887392044476	0.37219673272829623	0.4389900107737545	0.28251592254550556	0.5206256191046724	1.0709482512263369	0.9109652608914125	0.690770413198441	0.9710785842100478	0.517663163574475	0.6848406958889991	0.6091430615093821	0.5305446281655813	0.919953804275313	0.6802312797645235	0.7905965017634116	1.4569887392044476	0.37219673272829623	0.4389900107737545	0.28251592254550556	0.5206256191046724	1.0709482512263369	0.9109652608914125	0.690770413198441	1.4569887392044476	0.37219673272829623	0.4389900107737545	0.28251592254550556	0.5206256191046724	1.0709482512263369	0.9109652608914125	0.690770413198441
TSR	YAG	2	29	1.0928759756724225	0.9441235049000047	0.9182990589812323	1.1192847688062415	0.5196072380325141	1.2916812565325848	2.0316900184230184	0.42776967039588404	1.0928759756724225	0.9441235049000047	0.9182990589812323	1.1192847688062415	0.5196072380325141	1.2916812565325848	2.0316900184230184	0.42776967039588404	0.9504156695449825	0.8937455406177351	0.8239328013361917	0.9696404970528131	0.6772535752895719	1.2021082754122325	1.2170811158906776	0.41851208904936704	1.0928759756724225	0.9441235049000047	0.9182990589812323	1.1192847688062415	0.5196072380325141	1.2916812565325848	2.0316900184230184	0.42776967039588404	1.0928759756724225	0.9441235049000047	0.9182990589812323	1.1192847688062415	0.5196072380325141	1.2916812565325848	2.0316900184230184	0.42776967039588404
TSR	YAG	2	29	1.0498537072538618	0.549349685960327	0.508244368347154	0.555954892869842	0.5297351152557386	0.7487793170100968	0.9721962285628001	0.5717575598215303	1.0498537072538618	0.549349685960327	0.508244368347154	0.555954892869842	0.5297351152557386	0.7487793170100968	0.9721962285628001	0.5717575598215303	0.7348378044024599	0.5325724156352107	0.5653830467427938	0.6424151023084441	0.5892906594792789	0.8559391610603441	0.9012439543358707	0.47626304218522786	1.0498537072538618	0.549349685960327	0.508244368347154	0.555954892869842	0.5297351152557386	0.7487793170100968	0.9721962285628001	0.5717575598215303	1.0498537072538618	0.549349685960327	0.508244368347154	0.555954892869842	0.5297351152557386	0.7487793170100968	0.9721962285628001	0.5717575598215303
TSR	YAG	2	29	1.2608241496438537	0.6448960808213046	0.7735981873383836	0.8145371755188939	0.700889227236452	0.5928095516200241	0.8879867346698979	0.8019780347971635	1.2608241496438537	0.6448960808213046	0.7735981873383836	0.8145371755188939	0.700889227236452	0.5928095516200241	0.8879867346698979	0.8019780347971635	0.8314958930837846	0.6417787635951929	0.7663556574954705	0.7973730757980397	0.7090014979649926	0.6813714053435301	0.9749890173999581	0.4989242296677315	1.2608241496438537	0.6448960808213046	0.7735981873383836	0.8145371755188939	0.700889227236452	0.5928095516200241	0.8879867346698979	0.8019780347971635	1.2608241496438537	0.6448960808213046	0.7735981873383836	0.8145371755188939	0.700889227236452	0.5928095516200241	0.8879867346698979	0.8019780347971635
TSR	YAG	2	29	1.3333086895637931	0.30645266987088915	0.9548196809041672	1.0217444531849857	0.6422182690834246	2.196908067624542	2.155298181916793	0.5366522666459577	1.3333086895637931	0.30645266987088915	0.9548196809041672	1.0217444531849857	0.6422182690834246	2.196908067624542	2.155298181916793	0.5366522666459577	0.8539994448254263	0.4442331358371699	1.1021427825458394	1.1371060100773138	0.7610896440230867	2.3847283857354404	1.281147856046253	0.8468643206874219	1.3333086895637931	0.30645266987088915	0.9548196809041672	1.0217444531849857	0.6422182690834246	2.196908067624542	2.155298181916793	0.5366522666459577	1.3333086895637931	0.30645266987088915	0.9548196809041672	1.0217444531849857	0.6422182690834246	2.196908067624542	2.155298181916793	0.5366522666459577
TSR	YAG	2	29	1.1502938938358138	0.7498932806498617	1.1375091338334504	1.3469711085618719	0.6090076929763404	1.9233115330471515	2.5258308390442514	0.4802784957351914	1.1502938938358138	0.7498932806498617	1.1375091338334504	1.3469711085618719	0.6090076929763404	1.9233115330471515	2.5258308390442514	0.4802784957351914	0.9515730221116173	0.8397600392619715	1.0029658515321216	1.2290391171135135	0.8545668506873417	2.2156584970637465	1.3264029265510877	0.6150868994613234	1.1502938938358138	0.7498932806498617	1.1375091338334504	1.3469711085618719	0.6090076929763404	1.9233115330471515	2.5258308390442514	0.4802784957351914	1.1502938938358138	0.7498932806498617	1.1375091338334504	1.3469711085618719	0.6090076929763404	1.9233115330471515	2.5258308390442514	0.4802784957351914
TSR	YAG	2	29	1.085262743087891	0.7854592644717001	1.0213415017564211	1.240793161662896	0.4779769634977442	1.2774709222223348	2.2643224323464155	0.41625870017533806	1.085262743087891	0.7854592644717001	1.0213415017564211	1.240793161662896	0.4779769634977442	1.2774709222223348	2.2643224323464155	0.41625870017533806	0.8898573485860379	0.7989035555804748	0.8381993667498603	1.031239891680021	0.696279056517946	1.3030344281001638	1.234562743241894	0.5344173989877353	1.085262743087891	0.7854592644717001	1.0213415017564211	1.240793161662896	0.4779769634977442	1.2774709222223348	2.2643224323464155	0.41625870017533806	1.085262743087891	0.7854592644717001	1.0213415017564211	1.240793161662896	0.4779769634977442	1.2774709222223348	2.2643224323464155	0.41625870017533806
TSR	YAG	2	29	1.5438868832818395	0.5679047606773286	0.4471553649634714	0.36686892532375576	0.49711335699813924	1.0095195055219974	1.434283401912248	0.7682737424847714	1.5438868832818395	0.5679047606773286	0.4471553649634714	0.36686892532375576	0.49711335699813924	1.0095195055219974	1.434283401912248	0.7682737424847714	1.0734918864409162	0.6859800082054432	0.6007473407446788	0.5668278029869166	0.5680383490205035	0.9012336618651275	1.048877090685363	0.8827375848169213	1.5438868832818395	0.5679047606773286	0.4471553649634714	0.36686892532375576	0.49711335699813924	1.0095195055219974	1.434283401912248	0.7682737424847714	1.5438868832818395	0.5679047606773286	0.4471553649634714	0.36686892532375576	0.49711335699813924	1.0095195055219974	1.434283401912248	0.7682737424847714
TSR	YAG	2	29	2.0358541305363813	1.0636915247588181	0.9591840579550496	1.0515775939054741	0.5528692414966164	4.53354547364521	2.2249280960461983	1.2322926958974292	2.0358541305363813	1.0636915247588181	0.9591840579550496	1.0515775939054741	0.5528692414966164	4.53354547364521	2.2249280960461983	1.2322926958974292	1.7848071330755069	1.1540751910702989	1.041746604210081	1.3403663739344127	0.877169042842885	5.225338971655895	1.927233820417145	1.2097627716010952	2.0358541305363813	1.0636915247588181	0.9591840579550496	1.0515775939054741	0.5528692414966164	4.53354547364521	2.2249280960461983	1.2322926958974292	2.0358541305363813	1.0636915247588181	0.9591840579550496	1.0515775939054741	0.5528692414966164	4.53354547364521	2.2249280960461983	1.2322926958974292
TSR	YAG	2	29	1.622599124061402	1.2283959208234088	0.8273527499258543	0.5733721365431191	0.4744579788568364	3.557478474618611	1.4088929081225101	0.9098217237575159	1.622599124061402	1.2283959208234088	0.8273527499258543	0.5733721365431191	0.4744579788568364	3.557478474618611	1.4088929081225101	0.9098217237575159	1.4583882661006358	1.1344146492368552	0.881288631254508	0.8478395899952217	0.6563052339765602	3.769019399290155	1.3822513661115365	0.7787290938932022	1.622599124061402	1.2283959208234088	0.8273527499258543	0.5733721365431191	0.4744579788568364	3.557478474618611	1.4088929081225101	0.9098217237575159	1.622599124061402	1.2283959208234088	0.8273527499258543	0.5733721365431191	0.4744579788568364	3.557478474618611	1.4088929081225101	0.9098217237575159
TSR	YAG	2	29	1.6970753985245282	1.539697847473918	1.4164176306834029	1.2564254844599214	0.8078094614240741	4.972875605335102	1.4785941100957445	1.1524167613865037	1.6970753985245282	1.539697847473918	1.4164176306834029	1.2564254844599214	0.8078094614240741	4.972875605335102	1.4785941100957445	1.1524167613865037	1.6857963477963527	1.3793224417335812	1.3528889988362343	1.340362047012026	0.952845332493109	5.367945419049716	1.4963827087920378	0.9100607053832084	1.6970753985245282	1.539697847473918	1.4164176306834029	1.2564254844599214	0.8078094614240741	4.972875605335102	1.4785941100957445	1.1524167613865037	1.6970753985245282	1.539697847473918	1.4164176306834029	1.2564254844599214	0.8078094614240741	4.972875605335102	1.4785941100957445	1.1524167613865037
TSR	YAG	2	29	1.457833114325647	1.4280947032271811	1.620036730780432	1.6363456418817668	0.8691122359449935	5.0616191905533015	1.5528111768267832	1.1172296620897593	1.457833114325647	1.4280947032271811	1.620036730780432	1.6363456418817668	0.8691122359449935	5.0616191905533015	1.5528111768267832	1.1172296620897593	1.5315224040737079	1.2945917023265636	1.5134503348246546	1.551196641986164	0.998986573222426	5.537460782073473	1.4691000372555554	0.9152640056724327	1.457833114325647	1.4280947032271811	1.620036730780432	1.6363456418817668	0.8691122359449935	5.0616191905533015	1.5528111768267832	1.1172296620897593	1.457833114325647	1.4280947032271811	1.620036730780432	1.6363456418817668	0.8691122359449935	5.0616191905533015	1.5528111768267832	1.1172296620897593
TSR	YAG	2	29	0.6714062000115483	0.7429912555144784	0.8448559245037093	0.8947777415671097	0.44033846405138083	2.3772728133378673	0.7353586532850372	0.53775451316895	0.6714062000115483	0.7429912555144784	0.8448559245037093	0.8947777415671097	0.44033846405138083	2.3772728133378673	0.7353586532850372	0.53775451316895	0.6945197851934107	0.6531746677539455	0.8105092597747591	0.8175008332554451	0.49334360038697095	2.541674269932264	0.8192651929343717	0.5130413749931955	0.6714062000115483	0.7429912555144784	0.8448559245037093	0.8947777415671097	0.44033846405138083	2.3772728133378673	0.7353586532850372	0.53775451316895	0.6714062000115483	0.7429912555144784	0.8448559245037093	0.8947777415671097	0.44033846405138083	2.3772728133378673	0.7353586532850372	0.53775451316895
TSR	YAG	2	29	1.1306575731025756	0.41482960028481913	1.3463669511966778	1.5839309668222257	0.8799999537624277	3.0703283415908227	2.322649842137992	0.48914377958231925	1.1306575731025756	0.41482960028481913	1.3463669511966778	1.5839309668222257	0.8799999537624277	3.0703283415908227	2.322649842137992	0.48914377958231925	0.8499935989139705	0.4757139488589363	1.3308488561011607	1.4801052625992897	0.9181533893226809	3.4570978882166923	1.346228267343131	0.8955603527294622	1.1306575731025756	0.41482960028481913	1.3463669511966778	1.5839309668222257	0.8799999537624277	3.0703283415908227	2.322649842137992	0.48914377958231925	1.1306575731025756	0.41482960028481913	1.3463669511966778	1.5839309668222257	0.8799999537624277	3.0703283415908227	2.322649842137992	0.48914377958231925
TSR	YAG	2	29	2.0164589528906602	1.1679013613998834	1.0592628395724266	1.0446020160790561	0.6299507345439394	4.116693472705091	2.1528487864725	1.305608537864847	2.0164589528906602	1.1679013613998834	1.0592628395724266	1.0446020160790561	0.6299507345439394	4.116693472705091	2.1528487864725	1.305608537864847	1.579356302971819	1.1560707374043835	1.1401301043873249	1.2411598976582316	0.8500462209654692	4.59752351232368	1.9988069711285832	1.181620828532654	2.0164589528906602	1.1679013613998834	1.0592628395724266	1.0446020160790561	0.6299507345439394	4.116693472705091	2.1528487864725	1.305608537864847	2.0164589528906602	1.1679013613998834	1.0592628395724266	1.0446020160790561	0.6299507345439394	4.116693472705091	2.1528487864725	1.305608537864847
TSR	YAG	2	29	2.1755707311116943	1.5598353991043028	1.6886608164901182	1.6514331925487726	0.7655019020359831	5.960990827696696	2.617827209139635	1.482683410295254	2.1755707311116943	1.5598353991043028	1.6886608164901182	1.6514331925487726	0.7655019020359831	5.960990827696696	2.617827209139635	1.482683410295254	2.003471128442812	1.460466344557573	1.6056996467747968	1.7768501445312754	1.119298486718918	6.638470114780361	2.518843016356788	1.314325686259649	2.1755707311116943	1.5598353991043028	1.6886608164901182	1.6514331925487726	0.7655019020359831	5.960990827696696	2.617827209139635	1.482683410295254	2.1755707311116943	1.5598353991043028	1.6886608164901182	1.6514331925487726	0.7655019020359831	5.960990827696696	2.617827209139635	1.482683410295254
TSR	YAG	2	29	2.4698761336681123	1.879502795365411	2.116755050891836	2.1452462374805936	0.9871895472740487	7.56853568127812	3.068482524974351	1.70202257969558	2.4698761336681123	1.879502795365411	2.116755050891836	2.1452462374805936	0.9871895472740487	7.56853568127812	3.068482524974351	1.70202257969558	2.349124090572008	1.7484690533736515	2.012329422815084	2.213984295443026	1.370074654748376	8.434465440167209	2.759932788526181	1.4616963587814114	2.4698761336681123	1.879502795365411	2.116755050891836	2.1452462374805936	0.9871895472740487	7.56853568127812	3.068482524974351	1.70202257969558	2.4698761336681123	1.879502795365411	2.116755050891836	2.1452462374805936	0.9871895472740487	7.56853568127812	3.068482524974351	1.70202257969558
TSR	YAG	2	29	2.153938160765542	1.9917360210052026	2.3557177806421583	2.409043818384494	1.1384523436002827	7.809182287623235	2.7672292531515406	1.5856766430538014	2.153938160765542	1.9917360210052026	2.3557177806421583	2.409043818384494	1.1384523436002827	7.809182287623235	2.7672292531515406	1.5856766430538014	2.1896276110605353	1.7935443033688792	2.2084814893031273	2.3243713686657594	1.4268679974267862	8.585817542170894	2.4651563710428728	1.3506318234342294	2.153938160765542	1.9917360210052026	2.3557177806421583	2.409043818384494	1.1384523436002827	7.809182287623235	2.7672292531515406	1.5856766430538014	2.153938160765542	1.9917360210052026	2.3557177806421583	2.409043818384494	1.1384523436002827	7.809182287623235	2.7672292531515406	1.5856766430538014
TSR	YAG	2	29	1.9555737086067067	1.9769587349463065	2.3687052959425	2.5814741604453437	1.0419078522538663	7.776784608881632	2.9985842252322863	1.5028657825801035	1.9555737086067067	1.9769587349463065	2.3687052959425	2.5814741604453437	1.0419078522538663	7.776784608881632	2.9985842252322863	1.5028657825801035	2.0171907690099675	1.7439288355561058	2.2844210805210374	2.4170973347268014	1.3925161823977235	8.518957155278551	2.782608040506238	1.3993479815987284	1.9555737086067067	1.9769587349463065	2.3687052959425	2.5814741604453437	1.0419078522538663	7.776784608881632	2.9985842252322863	1.5028657825801035	1.9555737086067067	1.9769587349463065	2.3687052959425	2.5814741604453437	1.0419078522538663	7.776784608881632	2.9985842252322863	1.5028657825801035
TSR	YAG	2	29	2.072472813199104	0.9911405273613524	0.8681701835661836	0.8239969782460107	0.6161727876370867	3.4458990075796097	2.124507354470516	1.2975813252484405	2.072472813199104	0.9911405273613524	0.8681701835661836	0.8239969782460107	0.6161727876370867	3.4458990075796097	2.124507354470516	1.2975813252484405	1.5269175895790308	1.0410617858120264	1.0012648764329954	1.0994563806899837	0.8197455213147165	3.8533388057860685	1.993762748601443	1.2580007186554463	2.072472813199104	0.9911405273613524	0.8681701835661836	0.8239969782460107	0.6161727876370867	3.4458990075796097	2.124507354470516	1.2975813252484405	2.072472813199104	0.9911405273613524	0.8681701835661836	0.8239969782460107	0.6161727876370867	3.4458990075796097	2.124507354470516	1.2975813252484405
TSR	YAG	2	29	2.236135011114714	1.6538747713915372	1.5709485957225175	1.5119829007731098	0.7799450004473366	5.657901608777101	2.700486614800289	1.5302907013247908	2.236135011114714	1.6538747713915372	1.5709485957225175	1.5119829007731098	0.7799450004473366	5.657901608777101	2.700486614800289	1.5302907013247908	1.933163891569654	1.5156245008423734	1.5656573287571203	1.6530568358569162	1.108138038566883	6.3612057138835345	2.557659428115512	1.3101628595249653	2.236135011114714	1.6538747713915372	1.5709485957225175	1.5119829007731098	0.7799450004473366	5.657901608777101	2.700486614800289	1.5302907013247908	2.236135011114714	1.6538747713915372	1.5709485957225175	1.5119829007731098	0.7799450004473366	5.657901608777101	2.700486614800289	1.5302907013247908
TSR	YAG	2	29	3.119814064942779	3.170511407382014	3.627981374847258	3.5885953527577152	1.824435373312802	11.791928845962769	4.39552614656411	2.5301916892670433	3.119814064942779	3.170511407382014	3.627981374847258	3.5885953527577152	1.824435373312802	11.791928845962769	4.39552614656411	2.5301916892670433	3.1956008343977493	2.712770697196698	3.357798282287338	3.4566105101171374	2.235271418795354	13.016224054788255	3.588701488289781	1.9551513033083683	3.119814064942779	3.170511407382014	3.627981374847258	3.5885953527577152	1.824435373312802	11.791928845962769	4.39552614656411	2.5301916892670433	3.119814064942779	3.170511407382014	3.627981374847258	3.5885953527577152	1.824435373312802	11.791928845962769	4.39552614656411	2.5301916892670433
TSR	YAG	2	29	3.0818014733024564	3.004317648898295	3.7532734546101527	3.842370036352774	1.7437690983331668	12.263834962627547	4.689424855616277	2.3495903413331822	3.0818014733024564	3.004317648898295	3.7532734546101527	3.842370036352774	1.7437690983331668	12.263834962627547	4.689424855616277	2.3495903413331822	3.1674476796492077	2.64488718807481	3.4484285295096577	3.6486690298824818	2.2096965986670387	13.550957357620817	3.8257354475134044	2.004612865004502	3.0818014733024564	3.004317648898295	3.7532734546101527	3.842370036352774	1.7437690983331668	12.263834962627547	4.689424855616277	2.3495903413331822	3.0818014733024564	3.004317648898295	3.7532734546101527	3.842370036352774	1.7437690983331668	12.263834962627547	4.689424855616277	2.3495903413331822
TSR	YAG	2	29	2.069433076426482	1.2746793103459602	1.2499896853159418	1.310528039167488	0.6390115671075514	4.593491836649731	2.614115013321958	1.4046941134273492	2.069433076426482	1.2746793103459602	1.2499896853159418	1.310528039167488	0.6390115671075514	4.593491836649731	2.614115013321958	1.4046941134273492	1.678904240163896	1.22298251851399	1.3191812901222622	1.454632166060981	0.9705088749933092	5.157973342749169	2.502532714565776	1.3971065465382384	2.069433076426482	1.2746793103459602	1.2499896853159418	1.310528039167488	0.6390115671075514	4.593491836649731	2.614115013321958	1.4046941134273492	2.069433076426482	1.2746793103459602	1.2499896853159418	1.310528039167488	0.6390115671075514	4.593491836649731	2.614115013321958	1.4046941134273492
TSR	YAG	2	29	2.0059260708682856	1.3788052621589946	1.4557677039418844	1.6525437616827576	0.6359483913765933	5.168156621777457	2.885041430430421	1.4165753450486358	2.0059260708682856	1.3788052621589946	1.4557677039418844	1.6525437616827576	0.6359483913765933	5.168156621777457	2.885041430430421	1.4165753450486358	1.7896407544107111	1.3021569743046888	1.4872230386583414	1.7094618925994338	1.0799271559521388	5.80219990640089	2.7809588256219087	1.4895211924092688	2.0059260708682856	1.3788052621589946	1.4557677039418844	1.6525437616827576	0.6359483913765933	5.168156621777457	2.885041430430421	1.4165753450486358	2.0059260708682856	1.3788052621589946	1.4557677039418844	1.6525437616827576	0.6359483913765933	5.168156621777457	2.885041430430421	1.4165753450486358
TSR	YAG	2	29	1.8299682408078461	2.029937686156125	1.8262748919920921	2.3479462879362747	0.9736363726859583	7.677353809718384	3.2882294442573623	1.4064097773961777	1.8299682408078461	2.029937686156125	1.8262748919920921	2.3479462879362747	0.9736363726859583	7.677353809718384	3.2882294442573623	1.4064097773961777	1.9121868500935089	1.6821731257511574	2.017501996184937	2.3585676711172483	1.4205581236405072	8.311972267467441	3.4326539943695855	1.444259868610018	1.8299682408078461	2.029937686156125	1.8262748919920921	2.3479462879362747	0.9736363726859583	7.677353809718384	3.2882294442573623	1.4064097773961777	1.8299682408078461	2.029937686156125	1.8262748919920921	2.3479462879362747	0.9736363726859583	7.677353809718384	3.2882294442573623	1.4064097773961777
TSR	YAG	2	29	2.232401912377496	2.4581688228140655	2.688185417386867	2.9900152744010664	1.2573366336083962	9.387657591367638	3.7440288039721596	1.8169067045464076	2.232401912377496	2.4581688228140655	2.688185417386867	2.9900152744010664	1.2573366336083962	9.387657591367638	3.7440288039721596	1.8169067045464076	2.3152373914085804	2.073484706052715	2.6748392192288897	2.8556013975832726	1.6876709651998312	10.356847219593654	3.456285707613981	1.5644837032333327	2.232401912377496	2.4581688228140655	2.688185417386867	2.9900152744010664	1.2573366336083962	9.387657591367638	3.7440288039721596	1.8169067045464076	2.232401912377496	2.4581688228140655	2.688185417386867	2.9900152744010664	1.2573366336083962	9.387657591367638	3.7440288039721596	1.8169067045464076
TSR	YAG	2	29	1.6430821198276337	1.0636379059091485	0.9878987112755465	1.1129163807373714	0.669989425863614	3.4178398259611926	2.458686446024413	1.1755591938962546	1.6430821198276337	1.0636379059091485	0.9878987112755465	1.1129163807373714	0.669989425863614	3.4178398259611926	2.458686446024413	1.1755591938962546	1.488941487739184	1.0100017011209605	1.0999259576790403	1.309220805614661	0.9356756287720479	3.7975446227811673	2.502654245560795	1.4399937697989398	1.6430821198276337	1.0636379059091485	0.9878987112755465	1.1129163807373714	0.669989425863614	3.4178398259611926	2.458686446024413	1.1755591938962546	1.6430821198276337	1.0636379059091485	0.9878987112755465	1.1129163807373714	0.669989425863614	3.4178398259611926	2.458686446024413	1.1755591938962546
TSR	YAG	2	29	1.5851041452381558	1.4466376865163293	1.4044992972580763	1.6169303502852082	0.6659474242904687	4.942902604801302	2.5836075590660665	1.206980392592636	1.5851041452381558	1.4466376865163293	1.4044992972580763	1.6169303502852082	0.6659474242904687	4.942902604801302	2.5836075590660665	1.206980392592636	1.5992698298133872	1.2311378524410026	1.4305500116528285	1.634754640920259	1.0380246057338824	5.374956943466921	2.6235501260151497	1.3669031803512643	1.5851041452381558	1.4466376865163293	1.4044992972580763	1.6169303502852082	0.6659474242904687	4.942902604801302	2.5836075590660665	1.206980392592636	1.5851041452381558	1.4466376865163293	1.4044992972580763	1.6169303502852082	0.6659474242904687	4.942902604801302	2.5836075590660665	1.206980392592636
TSR	YAG	2	29	1.0427036951199826	1.2318768485501956	0.9909890274186881	1.1507518063415625	0.7146465798607042	2.9881402916429773	1.882832220621394	0.9548140108487151	1.0427036951199826	1.2318768485501956	0.9909890274186881	1.1507518063415625	0.7146465798607042	2.9881402916429773	1.882832220621394	0.9548140108487151	1.3453667561406764	0.9680736838538525	1.0149436106263237	1.2895241084675424	0.9194390325501424	3.120320265159847	2.327458350573834	1.3169874786761897	1.0427036951199826	1.2318768485501956	0.9909890274186881	1.1507518063415625	0.7146465798607042	2.9881402916429773	1.882832220621394	0.9548140108487151	1.0427036951199826	1.2318768485501956	0.9909890274186881	1.1507518063415625	0.7146465798607042	2.9881402916429773	1.882832220621394	0.9548140108487151
TSR	YAG	2	29	0.9079985506680219	1.198956459258955	1.0440219058598155	1.254136223769791	0.6281783333733891	3.018747851354351	1.7958265872055414	0.8457352113890105	0.9079985506680219	1.198956459258955	1.0440219058598155	1.254136223769791	0.6281783333733891	3.018747851354351	1.7958265872055414	0.8457352113890105	1.2886454145536295	0.9546230230420321	1.0182999502603212	1.324722559854983	0.8849232938039631	3.1286426892729584	2.2074141000737515	1.2727996906897094	0.9079985506680219	1.198956459258955	1.0440219058598155	1.254136223769791	0.6281783333733891	3.018747851354351	1.7958265872055414	0.8457352113890105	0.9079985506680219	1.198956459258955	1.0440219058598155	1.254136223769791	0.6281783333733891	3.018747851354351	1.7958265872055414	0.8457352113890105
TSR	YAG	2	29	0.9296675824537858	1.168166962147889	1.082635743449057	1.2668713256789201	0.4852910785466279	2.8204146563790995	1.3249293439962389	0.6556411578949375	0.9296675824537858	1.168166962147889	1.082635743449057	1.2668713256789201	0.4852910785466279	2.8204146563790995	1.3249293439962389	0.6556411578949375	1.1285460793130968	0.9846442672781649	1.0940780712661733	1.2556786416972894	0.7620151138538652	2.9445347254295733	1.660118765601729	1.0277829555516662	0.9296675824537858	1.168166962147889	1.082635743449057	1.2668713256789201	0.4852910785466279	2.8204146563790995	1.3249293439962389	0.6556411578949375	0.9296675824537858	1.168166962147889	1.082635743449057	1.2668713256789201	0.4852910785466279	2.8204146563790995	1.3249293439962389	0.6556411578949375
TSR	YAG	2	29	0.8679729259314163	1.0708693698028398	1.0566080130969409	1.069529246618662	0.625024425413906	2.0266286688395017	0.7138122850485374	0.5425840284349107	0.8679729259314163	1.0708693698028398	1.0566080130969409	1.069529246618662	0.625024425413906	2.0266286688395017	0.7138122850485374	0.5425840284349107	0.9935978946893349	0.8615916393141904	0.9834115877574079	1.0975115004704568	0.7291921751089321	2.011098124984797	1.2175151125252894	0.8492665588111	0.8679729259314163	1.0708693698028398	1.0566080130969409	1.069529246618662	0.625024425413906	2.0266286688395017	0.7138122850485374	0.5425840284349107	0.8679729259314163	1.0708693698028398	1.0566080130969409	1.069529246618662	0.625024425413906	2.0266286688395017	0.7138122850485374	0.5425840284349107
TSR	YAG	2	29	0.25746138780980793	0.6328429911690169	0.392711364133106	0.3223707917257169	0.3554071072559116	1.114447100325408	0.3841367600573279	0.16343466282839691	0.25746138780980793	0.6328429911690169	0.392711364133106	0.3223707917257169	0.3554071072559116	1.114447100325408	0.3841367600573279	0.16343466282839691	0.5451938248015675	0.39219825378318895	0.3150267198696192	0.4230926939921009	0.40703629379399936	1.2488369920368134	0.4832904702631769	0.44806265022874275	0.25746138780980793	0.6328429911690169	0.392711364133106	0.3223707917257169	0.3554071072559116	1.114447100325408	0.3841367600573279	0.16343466282839691	0.25746138780980793	0.6328429911690169	0.392711364133106	0.3223707917257169	0.3554071072559116	1.114447100325408	0.3841367600573279	0.16343466282839691
TSR	YAG	2	29	1.0183064096991092	1.2088456433245054	0.6943798145777977	0.8304036286032741	1.025219408909881	1.5674171721557688	1.8356667618067777	0.8459509331755555	1.0183064096991092	1.2088456433245054	0.6943798145777977	0.8304036286032741	1.025219408909881	1.5674171721557688	1.8356667618067777	0.8459509331755555	1.3380610960367159	0.9381588388818985	0.7198591560898628	1.0518384528065166	1.049172930317665	1.5526506869728933	2.2795343671225656	1.3570800737601836	1.0183064096991092	1.2088456433245054	0.6943798145777977	0.8304036286032741	1.025219408909881	1.5674171721557688	1.8356667618067777	0.8459509331755555	1.0183064096991092	1.2088456433245054	0.6943798145777977	0.8304036286032741	1.025219408909881	1.5674171721557688	1.8356667618067777	0.8459509331755555
TSR	YAG	2	29	0.9355601674980388	1.3012816111418322	0.7945208318985534	0.9142615556849666	0.9748065878048655	1.407635575680656	1.648397008566296	0.8164330445619611	0.9355601674980388	1.3012816111418322	0.7945208318985534	0.9142615556849666	0.9748065878048655	1.407635575680656	1.648397008566296	0.8164330445619611	1.4346368088816748	0.986334193818101	0.7198512576211594	1.0944458907619306	1.0599426664389078	1.2990877282253415	2.180349864402778	1.4060860836940463	0.9355601674980388	1.3012816111418322	0.7945208318985534	0.9142615556849666	0.9748065878048655	1.407635575680656	1.648397008566296	0.8164330445619611	0.9355601674980388	1.3012816111418322	0.7945208318985534	0.9142615556849666	0.9748065878048655	1.407635575680656	1.648397008566296	0.8164330445619611
TSR	YAG	2	29	0.836537097544587	1.4838734259876964	1.3701850813295773	1.435187182548227	1.5296396271142103	3.2127868143432656	0.8477693158359796	0.6176832314471412	0.836537097544587	1.4838734259876964	1.3701850813295773	1.435187182548227	1.5296396271142103	3.2127868143432656	0.8477693158359796	0.6176832314471412	1.8978307300008488	1.2166166918499193	1.1790625298386816	1.5607315682707323	1.4008808904606465	3.739285304568792	1.6046286908378085	1.5791115701807756	0.836537097544587	1.4838734259876964	1.3701850813295773	1.435187182548227	1.5296396271142103	3.2127868143432656	0.8477693158359796	0.6176832314471412	0.836537097544587	1.4838734259876964	1.3701850813295773	1.435187182548227	1.5296396271142103	3.2127868143432656	0.8477693158359796	0.6176832314471412
TSR	YAG	2	29	1.1933298386942366	1.676873198183246	1.5227859558130394	1.5796331200094138	1.4592179802563472	3.48928753194336	0.8084020979897338	0.5402540363133735	1.1933298386942366	1.676873198183246	1.5227859558130394	1.5796331200094138	1.4592179802563472	3.48928753194336	0.8084020979897338	0.5402540363133735	2.2593560155417176	1.4154351884459704	1.2143872013561638	1.6353186655254106	1.3676879937490962	4.183209646753461	1.4154988583240666	1.5163801623665811	1.1933298386942366	1.676873198183246	1.5227859558130394	1.5796331200094138	1.4592179802563472	3.48928753194336	0.8084020979897338	0.5402540363133735	1.1933298386942366	1.676873198183246	1.5227859558130394	1.5796331200094138	1.4592179802563472	3.48928753194336	0.8084020979897338	0.5402540363133735
TSR	YAG	2	29	0.7460725281306384	1.3821323068201736	1.2945375803092103	1.1516492900003217	1.172702157364402	3.6763655669571387	0.3578405511969823	0.4115192216712415	0.7460725281306384	1.3821323068201736	1.2945375803092103	1.1516492900003217	1.172702157364402	3.6763655669571387	0.3578405511969823	0.4115192216712415	1.6131215976568656	1.0838955044589342	1.169345856016789	1.3010732257054662	1.1785498171418292	4.094188334991712	0.8824431429558874	1.2629713174607955	0.7460725281306384	1.3821323068201736	1.2945375803092103	1.1516492900003217	1.172702157364402	3.6763655669571387	0.3578405511969823	0.4115192216712415	0.7460725281306384	1.3821323068201736	1.2945375803092103	1.1516492900003217	1.172702157364402	3.6763655669571387	0.3578405511969823	0.4115192216712415
TSR	YAG	2	29	0.6816167198250177	1.2882807575348454	1.0084193658391156	0.9809184317952316	0.8902574201587051	3.402151970018062	0.6746461826206158	0.31897213179833533	0.6816167198250177	1.2882807575348454	1.0084193658391156	0.9809184317952316	0.8902574201587051	3.402151970018062	0.6746461826206158	0.31897213179833533	1.2843798550387118	0.905546707215806	0.930416241085469	1.1259811012291072	0.9494784055374969	3.6672526255453666	0.8647501224695464	0.9454654262173251	0.6816167198250177	1.2882807575348454	1.0084193658391156	0.9809184317952316	0.8902574201587051	3.402151970018062	0.6746461826206158	0.31897213179833533	0.6816167198250177	1.2882807575348454	1.0084193658391156	0.9809184317952316	0.8902574201587051	3.402151970018062	0.6746461826206158	0.31897213179833533
TSR	YAG	2	29	0.8007885598275688	1.1426759352182254	0.6298284436420207	0.8409167870625593	1.174872368585137	1.4932714009789951	1.43550237185222	0.7552475327132349	0.8007885598275688	1.1426759352182254	0.6298284436420207	0.8409167870625593	1.174872368585137	1.4932714009789951	1.43550237185222	0.7552475327132349	1.441654287306551	0.8704676651174416	0.7095059061431562	0.9338164979976907	1.1252945133626477	1.1939869989595933	1.7768631877979704	1.4393270165231729	0.8007885598275688	1.1426759352182254	0.6298284436420207	0.8409167870625593	1.174872368585137	1.4932714009789951	1.43550237185222	0.7552475327132349	0.8007885598275688	1.1426759352182254	0.6298284436420207	0.8409167870625593	1.174872368585137	1.4932714009789951	1.43550237185222	0.7552475327132349
TSR	YAG	2	29	0.4213979359757555	1.264574074373078	0.8727491898723109	0.973194582713942	1.2704272278972222	2.3981807644146693	0.7500200703559057	0.4188550595388517	0.4213979359757555	1.264574074373078	0.8727491898723109	0.973194582713942	1.2704272278972222	2.3981807644146693	0.7500200703559057	0.4188550595388517	1.4061277925040974	0.9499357055534069	0.9468748159456736	1.1091486316832275	1.2097306594278456	2.5112284067354183	1.3117207787989602	1.4089412351868356	0.4213979359757555	1.264574074373078	0.8727491898723109	0.973194582713942	1.2704272278972222	2.3981807644146693	0.7500200703559057	0.4188550595388517	0.4213979359757555	1.264574074373078	0.8727491898723109	0.973194582713942	1.2704272278972222	2.3981807644146693	0.7500200703559057	0.4188550595388517
TSR	YAG	2	29	0.48127261252551046	1.395635511977959	1.2127258273061636	1.138089886785553	1.2800981023800393	3.608118768074233	0.3387387483929709	0.5737884143268672	0.48127261252551046	1.395635511977959	1.2127258273061636	1.138089886785553	1.2800981023800393	3.608118768074233	0.3387387483929709	0.5737884143268672	1.5118664508864992	1.086129466475492	1.3025032417577342	1.3397504111040515	1.2928174010618845	3.8563798356011567	1.0201289157814801	1.5659092788355036	0.48127261252551046	1.395635511977959	1.2127258273061636	1.138089886785553	1.2800981023800393	3.608118768074233	0.3387387483929709	0.5737884143268672	0.48127261252551046	1.395635511977959	1.2127258273061636	1.138089886785553	1.2800981023800393	3.608118768074233	0.3387387483929709	0.5737884143268672
TSR	YAG	2	29	0.5597963452199352	1.4238788653429164	1.0596485554283994	1.0617365531233256	1.1414810576691006	3.385094316874245	0.5049425120776379	0.3721414275071337	0.5597963452199352	1.4238788653429164	1.0596485554283994	1.0617365531233256	1.1414810576691006	3.385094316874245	0.5049425120776379	0.3721414275071337	1.4039028303259362	0.9795628804122969	0.9924391451153763	1.2081466125430593	1.1273555439750218	3.5621856948249646	0.9925707832951055	1.264356373497919	0.5597963452199352	1.4238788653429164	1.0596485554283994	1.0617365531233256	1.1414810576691006	3.385094316874245	0.5049425120776379	0.3721414275071337	0.5597963452199352	1.4238788653429164	1.0596485554283994	1.0617365531233256	1.1414810576691006	3.385094316874245	0.5049425120776379	0.3721414275071337
TSR	YAG	2	29	0.5766090493715088	1.6198264913690243	1.019044570249328	0.8603732707741559	0.8457825348435446	2.3603157316601875	1.5160513836826195	0.8991004423870209	0.5766090493715088	1.6198264913690243	1.019044570249328	0.8603732707741559	0.8457825348435446	2.3603157316601875	1.5160513836826195	0.8991004423870209	1.5530154016160127	1.1120867311899596	0.7530710737336929	1.0109973234608065	0.9314420830324234	2.399141368558262	1.3244639456092575	1.4665416676442635	0.5766090493715088	1.6198264913690243	1.019044570249328	0.8603732707741559	0.8457825348435446	2.3603157316601875	1.5160513836826195	0.8991004423870209	0.5766090493715088	1.6198264913690243	1.019044570249328	0.8603732707741559	0.8457825348435446	2.3603157316601875	1.5160513836826195	0.8991004423870209
TSR	YAG	2	29	0.6240828455919641	1.4917360459203526	0.7816112682641206	1.099466487404805	1.348455914953216	1.9366619892770434	1.891590137278071	0.7160919381404262	0.6240828455919641	1.4917360459203526	0.7816112682641206	1.099466487404805	1.348455914953216	1.9366619892770434	1.891590137278071	0.7160919381404262	1.5773535757726747	1.040968871757891	0.8825165213235479	1.1395868600638936	1.2935846521122165	1.5582462850346206	1.922382831529254	1.625533842652689	0.6240828455919641	1.4917360459203526	0.7816112682641206	1.099466487404805	1.348455914953216	1.9366619892770434	1.891590137278071	0.7160919381404262	0.6240828455919641	1.4917360459203526	0.7816112682641206	1.099466487404805	1.348455914953216	1.9366619892770434	1.891590137278071	0.7160919381404262
TSR	YAG	2	29	0.49342248104454617	1.6163941278671607	0.8052101589187974	1.009618148795576	1.250498910927321	2.1118066488933405	1.3322897984691047	0.5082875474904687	0.49342248104454617	1.6163941278671607	0.8052101589187974	1.009618148795576	1.250498910927321	2.1118066488933405	1.3322897984691047	0.5082875474904687	1.452307063502437	1.0376531076690092	0.8488807319339773	1.1167650431441916	1.2331727350114878	1.9461574097521608	1.5183996840165677	1.4769679726822904	0.49342248104454617	1.6163941278671607	0.8052101589187974	1.009618148795576	1.250498910927321	2.1118066488933405	1.3322897984691047	0.5082875474904687	0.49342248104454617	1.6163941278671607	0.8052101589187974	1.009618148795576	1.250498910927321	2.1118066488933405	1.3322897984691047	0.5082875474904687
TSR	YAG	2	29	0.4891483048638559	1.51255973039175	0.8655985215872969	0.9509938414920391	1.151959802797985	2.3522443703404927	0.9903470829163146	0.4742280555434718	0.4891483048638559	1.51255973039175	0.8655985215872969	0.9509938414920391	1.151959802797985	2.3522443703404927	0.9903470829163146	0.4742280555434718	1.3730921844111876	0.9568485083164856	0.7922767226782123	1.0422209688924688	1.1520438028713815	2.35379130629105	1.2871989756979516	1.329147103123002	0.4891483048638559	1.51255973039175	0.8655985215872969	0.9509938414920391	1.151959802797985	2.3522443703404927	0.9903470829163146	0.4742280555434718	0.4891483048638559	1.51255973039175	0.8655985215872969	0.9509938414920391	1.151959802797985	2.3522443703404927	0.9903470829163146	0.4742280555434718
TSR	YAG	2	29	0.5220039106750033	1.4290672260557498	0.9305926289173102	0.9388690704453824	1.1485510947257067	2.324535755519419	1.02164847143849	0.5168704453445294	0.5220039106750033	1.4290672260557498	0.9305926289173102	0.9388690704453824	1.1485510947257067	2.324535755519419	1.02164847143849	0.5168704453445294	1.3265961623339055	0.8917437305980019	0.7264768409115363	1.0328631237042927	1.1430865074835397	2.424438013163694	1.2453318290386168	1.2649311576121107	0.5220039106750033	1.4290672260557498	0.9305926289173102	0.9388690704453824	1.1485510947257067	2.324535755519419	1.02164847143849	0.5168704453445294	0.5220039106750033	1.4290672260557498	0.9305926289173102	0.9388690704453824	1.1485510947257067	2.324535755519419	1.02164847143849	0.5168704453445294
TSR	YAG	2	29	0.5375929840546787	1.65788346221706	0.7823414478599957	1.149331065998784	1.3608398816362128	2.193855308848432	1.9100764057751376	0.6894608450804798	0.5375929840546787	1.65788346221706	0.7823414478599957	1.149331065998784	1.3608398816362128	2.193855308848432	1.9100764057751376	0.6894608450804798	1.5204973682308036	1.095327558320822	0.8909092101607937	1.3009627839441504	1.3675647542213785	1.8765977715117774	1.8705097962260115	1.64013355761406	0.5375929840546787	1.65788346221706	0.7823414478599957	1.149331065998784	1.3608398816362128	2.193855308848432	1.9100764057751376	0.6894608450804798	0.5375929840546787	1.65788346221706	0.7823414478599957	1.149331065998784	1.3608398816362128	2.193855308848432	1.9100764057751376	0.6894608450804798
TSR	YAG	2	29	0.5612524679706221	1.963953461634154	0.9877918014856265	1.6124164683031743	2.0354373133686066	2.527297773830577	2.208244209158442	0.43695065152379603	0.5612524679706221	1.963953461634154	0.9877918014856265	1.6124164683031743	2.0354373133686066	2.527297773830577	2.208244209158442	0.43695065152379603	2.057732700491734	1.5045521655199623	1.3143735439639934	1.6005744710688503	1.6846026917261157	2.2285007509757064	2.1391501854186186	1.9466957421685802	0.5612524679706221	1.963953461634154	0.9877918014856265	1.6124164683031743	2.0354373133686066	2.527297773830577	2.208244209158442	0.43695065152379603	0.5612524679706221	1.963953461634154	0.9877918014856265	1.6124164683031743	2.0354373133686066	2.527297773830577	2.208244209158442	0.43695065152379603
TSR	YAG	2	29	0.5761349782887422	1.6647094114318108	0.8999615843548068	0.9729691351918319	1.086010010469087	2.080832929894735	1.2446204277447444	0.6330564727697301	0.5761349782887422	1.6647094114318108	0.8999615843548068	0.9729691351918319	1.086010010469087	2.080832929894735	1.2446204277447444	0.6330564727697301	1.47429589289377	1.0178489457775488	0.7778103607443478	1.0746580781257504	1.1089682412596782	2.0578941052308743	1.394286845780573	1.373991174935031	0.5761349782887422	1.6647094114318108	0.8999615843548068	0.9729691351918319	1.086010010469087	2.080832929894735	1.2446204277447444	0.6330564727697301	0.5761349782887422	1.6647094114318108	0.8999615843548068	0.9729691351918319	1.086010010469087	2.080832929894735	1.2446204277447444	0.6330564727697301
TSR	YAG	2	29	0.5658359794933076	1.5747114818192238	0.9207170996587165	0.8903442800946514	0.9004966415713934	2.4127436169535392	1.0865472255905997	0.5258002113898606	0.5658359794933076	1.5747114818192238	0.9207170996587165	0.8903442800946514	0.9004966415713934	2.4127436169535392	1.0865472255905997	0.5258002113898606	1.3722410044174629	0.9556553668685727	0.7802435899635484	1.034791228471695	0.9923846193190644	2.4327730642984506	1.2403205004855222	1.2213728588396366	0.5658359794933076	1.5747114818192238	0.9207170996587165	0.8903442800946514	0.9004966415713934	2.4127436169535392	1.0865472255905997	0.5258002113898606	0.5658359794933076	1.5747114818192238	0.9207170996587165	0.8903442800946514	0.9004966415713934	2.4127436169535392	1.0865472255905997	0.5258002113898606
TSR	YAG	2	29	0.6292846042403789	1.4217633268729204	0.9399332431091242	0.8971290110218241	0.8209959579929498	2.810799881401853	1.1423944888424793	0.520730460752733	0.6292846042403789	1.4217633268729204	0.9399332431091242	0.8971290110218241	0.8209959579929498	2.810799881401853	1.1423944888424793	0.520730460752733	1.2388909756852016	0.8776977668822118	0.7138926093643773	1.0124033786961757	0.8792335543302076	3.002249975583645	1.1220229434983369	0.9857682605218062	0.6292846042403789	1.4217633268729204	0.9399332431091242	0.8971290110218241	0.8209959579929498	2.810799881401853	1.1423944888424793	0.520730460752733	0.6292846042403789	1.4217633268729204	0.9399332431091242	0.8971290110218241	0.8209959579929498	2.810799881401853	1.1423944888424793	0.520730460752733
TSR	YAG	2	29	0.5017531207413195	0.9382065620552765	0.7697744267521545	0.6409314408743162	0.6415680386921417	2.844882981636953	0.8885391740224856	0.21081701051051344	0.5017531207413195	0.9382065620552765	0.7697744267521545	0.6409314408743162	0.6415680386921417	2.844882981636953	0.8885391740224856	0.21081701051051344	0.9033952290314948	0.6288620514813873	0.6691266254071392	0.8736867514868862	0.7771998149750964	3.1251439306593887	0.9307699440778855	0.663960821288279	0.5017531207413195	0.9382065620552765	0.7697744267521545	0.6409314408743162	0.6415680386921417	2.844882981636953	0.8885391740224856	0.21081701051051344	0.5017531207413195	0.9382065620552765	0.7697744267521545	0.6409314408743162	0.6415680386921417	2.844882981636953	0.8885391740224856	0.21081701051051344
TSR	YAG	2	29	0.4174394906281006	0.55902478962601	0.5279898704606887	0.4496234709576081	0.4035324869341023	2.2493817534887115	0.7304533387085708	0.1944937206457305	0.4174394906281006	0.55902478962601	0.5279898704606887	0.4496234709576081	0.4035324869341023	2.2493817534887115	0.7304533387085708	0.1944937206457305	0.5222893329104444	0.40853746672847624	0.5059598508433533	0.6589737671200825	0.5135414400196061	2.490521930225974	0.7628152437156915	0.3904481144405298	0.4174394906281006	0.55902478962601	0.5279898704606887	0.4496234709576081	0.4035324869341023	2.2493817534887115	0.7304533387085708	0.1944937206457305	0.4174394906281006	0.55902478962601	0.5279898704606887	0.4496234709576081	0.4035324869341023	2.2493817534887115	0.7304533387085708	0.1944937206457305
TSR	YAG	2	29	0.5698875594151599	1.8305900180364159	0.7840764130403275	1.16500532553216	1.390965896237942	2.2478414179630595	1.9064004641767114	0.7517358000856329	0.5698875594151599	1.8305900180364159	0.7840764130403275	1.16500532553216	1.390965896237942	2.2478414179630595	1.9064004641767114	0.7517358000856329	1.503239438399607	1.112052264815164	0.8682396925179182	1.2828789382835077	1.3709987320221746	1.9529960597795932	1.7638288641651176	1.6415555327997968	0.5698875594151599	1.8305900180364159	0.7840764130403275	1.16500532553216	1.390965896237942	2.2478414179630595	1.9064004641767114	0.7517358000856329	0.5698875594151599	1.8305900180364159	0.7840764130403275	1.16500532553216	1.390965896237942	2.2478414179630595	1.9064004641767114	0.7517358000856329
TSR	YAG	2	29	0.6086877733119946	1.6136064815429412	0.7817208578264858	0.8957907875250857	1.0921790944780716	2.405652946638397	1.341529799579179	0.6389225027519153	0.6086877733119946	1.6136064815429412	0.7817208578264858	0.8957907875250857	1.0921790944780716	2.405652946638397	1.341529799579179	0.6389225027519153	1.3110749802339443	0.9334577518299451	0.7606173698789434	1.0487748715337137	1.11103310716675	2.2666404245976923	1.364086123967879	1.329659049030111	0.6086877733119946	1.6136064815429412	0.7817208578264858	0.8957907875250857	1.0921790944780716	2.405652946638397	1.341529799579179	0.6389225027519153	0.6086877733119946	1.6136064815429412	0.7817208578264858	0.8957907875250857	1.0921790944780716	2.405652946638397	1.341529799579179	0.6389225027519153
TSR	YAG	2	29	0.6972140075061187	1.4754253554419214	0.9966303705139529	0.8827834126667796	0.8922868613086467	2.9556109510050383	0.875965494982146	0.43623853689099507	0.6972140075061187	1.4754253554419214	0.9966303705139529	0.8827834126667796	0.8922868613086467	2.9556109510050383	0.875965494982146	0.43623853689099507	1.326762556653023	0.9127686606034948	0.7900924003944071	1.0839081285206946	0.9757512616453793	3.1270253769009972	1.084715480096022	1.0275625884877946	0.6972140075061187	1.4754253554419214	0.9966303705139529	0.8827834126667796	0.8922868613086467	2.9556109510050383	0.875965494982146	0.43623853689099507	0.6972140075061187	1.4754253554419214	0.9966303705139529	0.8827834126667796	0.8922868613086467	2.9556109510050383	0.875965494982146	0.43623853689099507
TSR	YAG	2	29	0.7713280364540658	0.9070174796859068	0.632447484787009	0.48813003836847324	0.5968490089588326	2.615211547895037	0.7009789347537696	0.13440179135158384	0.7713280364540658	0.9070174796859068	0.632447484787009	0.48813003836847324	0.5968490089588326	2.615211547895037	0.7009789347537696	0.13440179135158384	0.8780174197462868	0.6945629274449101	0.5430447605804001	0.7350418549840051	0.652043462228039	2.8889210872332303	0.6245165267776144	0.4140837702855853	0.7713280364540658	0.9070174796859068	0.632447484787009	0.48813003836847324	0.5968490089588326	2.615211547895037	0.7009789347537696	0.13440179135158384	0.7713280364540658	0.9070174796859068	0.632447484787009	0.48813003836847324	0.5968490089588326	2.615211547895037	0.7009789347537696	0.13440179135158384
TSR	YAG	2	29	0.49577026240786887	0.6718470935928479	0.6329020936317407	0.5135742208794166	0.48350195804120766	2.451719291750109	0.6867394474413507	0.21378184052979352	0.49577026240786887	0.6718470935928479	0.6329020936317407	0.5135742208794166	0.48350195804120766	2.451719291750109	0.6867394474413507	0.21378184052979352	0.6439158791796044	0.49437160347642756	0.5806667546258731	0.7274218334175107	0.5950037505852969	2.700398353384544	0.7441563062888706	0.4485185207915697	0.49577026240786887	0.6718470935928479	0.6329020936317407	0.5135742208794166	0.48350195804120766	2.451719291750109	0.6867394474413507	0.21378184052979352	0.49577026240786887	0.6718470935928479	0.6329020936317407	0.5135742208794166	0.48350195804120766	2.451719291750109	0.6867394474413507	0.21378184052979352
TSR	YAG	2	29	0.5420932184258495	1.1183518744434102	0.5246679009174992	0.9432619680063958	1.2327193849769376	1.3489064894604046	1.82921525965376	0.8221235663443885	0.5420932184258495	1.1183518744434102	0.5246679009174992	0.9432619680063958	1.2327193849769376	1.3489064894604046	1.82921525965376	0.8221235663443885	1.0773052004136174	0.7588016484192804	0.5771449507894268	0.9218085212759513	1.1198400759657554	1.2018929727915466	1.4103195903065495	1.2157617194579629	0.5420932184258495	1.1183518744434102	0.5246679009174992	0.9432619680063958	1.2327193849769376	1.3489064894604046	1.82921525965376	0.8221235663443885	0.5420932184258495	1.1183518744434102	0.5246679009174992	0.9432619680063958	1.2327193849769376	1.3489064894604046	1.82921525965376	0.8221235663443885
TSR	YAG	2	29	0.6493344064244594	1.732243148199217	0.7981766171119505	1.13962856508105	1.3729120280455978	2.177807164421773	1.9920415028629543	1.0292259624040276	0.6493344064244594	1.732243148199217	0.7981766171119505	1.13962856508105	1.3729120280455978	2.177807164421773	1.9920415028629543	1.0292259624040276	1.3031587965816662	1.0385217753057323	0.805712817488459	1.2155859364042978	1.3319750068330576	1.8873632992311622	1.6774190575625205	1.565645442069517	0.6493344064244594	1.732243148199217	0.7981766171119505	1.13962856508105	1.3729120280455978	2.177807164421773	1.9920415028629543	1.0292259624040276	0.6493344064244594	1.732243148199217	0.7981766171119505	1.13962856508105	1.3729120280455978	2.177807164421773	1.9920415028629543	1.0292259624040276
TSR	YAG	2	29	0.90249041302643	1.5455267026348025	0.8005193512433764	0.7859734859143768	1.0273420928906318	2.135103972935189	1.2421346381584242	0.9827130404519248	0.90249041302643	1.5455267026348025	0.8005193512433764	0.7859734859143768	1.0273420928906318	2.135103972935189	1.2421346381584242	0.9827130404519248	1.158459446417195	0.9292495650803628	0.6330566007787847	0.9112992227194073	0.9703509893770722	2.1545684259530247	1.1953683620677793	1.1859016641878286	0.90249041302643	1.5455267026348025	0.8005193512433764	0.7859734859143768	1.0273420928906318	2.135103972935189	1.2421346381584242	0.9827130404519248	0.90249041302643	1.5455267026348025	0.8005193512433764	0.7859734859143768	1.0273420928906318	2.135103972935189	1.2421346381584242	0.9827130404519248
TSR	YAG	2	29	0.8281260578301722	1.0137122631387785	0.7706317066005836	0.6103839067849802	0.7633686481126148	2.6895374969111994	0.7116409741649228	0.6750441906286454	0.8281260578301722	1.0137122631387785	0.7706317066005836	0.6103839067849802	0.7633686481126148	2.6895374969111994	0.7116409741649228	0.6750441906286454	0.9224767545190562	0.7112502984382552	0.6855986587392726	0.8779950127483901	0.763475623394473	2.891852691071	0.9279145084234578	0.8076760549763767	0.8281260578301722	1.0137122631387785	0.7706317066005836	0.6103839067849802	0.7633686481126148	2.6895374969111994	0.7116409741649228	0.6750441906286454	0.8281260578301722	1.0137122631387785	0.7706317066005836	0.6103839067849802	0.7633686481126148	2.6895374969111994	0.7116409741649228	0.6750441906286454
TSR	YAG	2	29	0.7018969520743912	0.6984784002836872	0.6431762986151667	0.5930758552394184	0.5028095491553113	2.607781748685495	0.8337965035912127	0.3545312567367764	0.7018969520743912	0.6984784002836872	0.6431762986151667	0.5930758552394184	0.5028095491553113	2.607781748685495	0.8337965035912127	0.3545312567367764	0.7281390519864387	0.5455723496246839	0.5940014156256924	0.8158619253772331	0.6268202079362056	2.89853259872921	0.9758433280650479	0.4962550135892685	0.7018969520743912	0.6984784002836872	0.6431762986151667	0.5930758552394184	0.5028095491553113	2.607781748685495	0.8337965035912127	0.3545312567367764	0.7018969520743912	0.6984784002836872	0.6431762986151667	0.5930758552394184	0.5028095491553113	2.607781748685495	0.8337965035912127	0.3545312567367764
TSR	YAG	2	29	0.5373515502039049	0.8927803538988953	0.418599250949765	0.7263071290836757	0.8251925547597148	1.0478221492050097	1.2801163676173837	0.7795316519681846	0.5373515502039049	0.8927803538988953	0.418599250949765	0.7263071290836757	0.8251925547597148	1.0478221492050097	1.2801163676173837	0.7795316519681846	0.7326380280587917	0.5811350248155853	0.408606019897266	0.7337870157829377	0.7948713149721721	0.9675791401578837	1.03677013920863	0.8767852559717334	0.5373515502039049	0.8927803538988953	0.418599250949765	0.7263071290836757	0.8251925547597148	1.0478221492050097	1.2801163676173837	0.7795316519681846	0.5373515502039049	0.8927803538988953	0.418599250949765	0.7263071290836757	0.8251925547597148	1.0478221492050097	1.2801163676173837	0.7795316519681846
TSR	YAG	2	29	0.33660424182813564	0.3647727161429203	0.47056554440970194	0.43985896710524724	0.6391185606441674	0.8111720683048546	0.7749857360703223	0.5422933742582517	0.33660424182813564	0.3647727161429203	0.47056554440970194	0.43985896710524724	0.6391185606441674	0.8111720683048546	0.7749857360703223	0.5422933742582517	0.42816970563299983	0.2559159222618253	0.38897064959500627	0.4355873031166135	0.5644473321128997	0.7227513424912267	0.5480722170578587	0.6029944042519397	0.33660424182813564	0.3647727161429203	0.47056554440970194	0.43985896710524724	0.6391185606441674	0.8111720683048546	0.7749857360703223	0.5422933742582517	0.33660424182813564	0.3647727161429203	0.47056554440970194	0.43985896710524724	0.6391185606441674	0.8111720683048546	0.7749857360703223	0.5422933742582517
TSR	YAG	2	29	0.6190392993612086	1.1868384751115044	0.5456884073621895	0.6779982085139672	0.9812399831533803	1.8565676728716647	1.3255188824546231	0.9641022235609651	0.6190392993612086	1.1868384751115044	0.5456884073621895	0.6779982085139672	0.9812399831533803	1.8565676728716647	1.3255188824546231	0.9641022235609651	0.9363768253985665	0.7253041491421667	0.4943975845527652	0.8293470679038966	0.8734828985893205	1.7266352884829368	1.0962372896979706	1.0578482119043822	0.6190392993612086	1.1868384751115044	0.5456884073621895	0.6779982085139672	0.9812399831533803	1.8565676728716647	1.3255188824546231	0.9641022235609651	0.6190392993612086	1.1868384751115044	0.5456884073621895	0.6779982085139672	0.9812399831533803	1.8565676728716647	1.3255188824546231	0.9641022235609651
TSR	YAG	2	29	0.6471137418180622	0.758050665557299	0.6221489377835647	0.49114879295348784	0.6029690634439168	2.4259608141506486	0.5406812692465776	0.5541102250517539	0.6471137418180622	0.758050665557299	0.6221489377835647	0.49114879295348784	0.6029690634439168	2.4259608141506486	0.5406812692465776	0.5541102250517539	0.7210839928490632	0.5525682012287145	0.5806430242209963	0.7529633575303164	0.6563430202763995	2.6254860613479845	0.8259096526769588	0.6451814948581198	0.6471137418180622	0.758050665557299	0.6221489377835647	0.49114879295348784	0.6029690634439168	2.4259608141506486	0.5406812692465776	0.5541102250517539	0.6471137418180622	0.758050665557299	0.6221489377835647	0.49114879295348784	0.6029690634439168	2.4259608141506486	0.5406812692465776	0.5541102250517539
TSR	YAG	2	29	0.6633497014890934	0.6055039384547127	0.6168344760018034	0.5845805323116272	0.5087391222352079	2.4336755895387965	0.7434195788909916	0.590406104502732	0.6633497014890934	0.6055039384547127	0.6168344760018034	0.5845805323116272	0.5087391222352079	2.4336755895387965	0.7434195788909916	0.590406104502732	0.6908533131477822	0.5193561505126619	0.569788905195542	0.8331084733668505	0.668550506653356	2.747597101694715	1.0584886400983777	0.5988841066847911	0.6633497014890934	0.6055039384547127	0.6168344760018034	0.5845805323116272	0.5087391222352079	2.4336755895387965	0.7434195788909916	0.590406104502732	0.6633497014890934	0.6055039384547127	0.6168344760018034	0.5845805323116272	0.5087391222352079	2.4336755895387965	0.7434195788909916	0.590406104502732
TSR	YAG	2	29	0.0	0.0	0.0	0.0	0.0	0.0	0.0	0.0	0.0	0.0	0.0	0.0	0.0	0.0	0.0	0.0	0.0	0.0	0.0	0.0	0.0	0.0	0.0	0.0	0.0	0.0	0.0	0.0	0.0	0.0	0.0	0.0	0.0	0.0	0.0	0.0	0.0	0.0	0.0	0.0
